darcy,manning,hazen
0.04353156439780376,0.1638577448730148,0.09320848999163853
0.0439077241036852,0.17264861822534913,0.10442493081375645
0.05431346149386498,0.19304315106908132,0.09585257501275013
0.04012277277112759,0.14638882884684348,0.08099199632216939
0.04634635774480568,0.1568014522434198,0.07530068056802042
0.049631597093898555,0.18757041016318354,0.10806602521073673
0.04490370553250227,0.16306564359194983,0.08909675720620194
0.04466407337465379,0.16667010297959606,0.0860886248999563
0.04022242956051732,0.15296026451048547,0.08720194750724183
0.057057309344625246,0.21412370253016344,0.10278610798561477
0.05094138256454446,0.18373384452417427,0.09129455521335364
0.04527214719625407,0.1641762155665887,0.08279559673930853
0.04441424788964882,0.16454944947407885,0.07768611084674035
0.04663594753958164,0.1685843711700798,0.08110085414672974
0.04232169198068149,0.1592202543843618,0.08530717852950172
0.05164529715434042,0.19328758739539004,0.10275115920385082
0.04764848410277434,0.1741219649672135,0.09885081127808248
0.05233299430507606,0.19121202179403501,0.10479311042622556
0.04950482784497414,0.17667325922836127,0.08344788512936957
0.05168429970748605,0.20904049851087098,0.12724975797110838
0.04861613772374569,0.18945463194163037,0.12411822828039712
0.0436475680368122,0.16434686119229608,0.08235863424135396
0.04172984484954185,0.1525831631007274,0.0738669899895759
0.04281536394109225,0.16019319168767854,0.0865250803580826
0.04549281871265828,0.16718583590333858,0.08546635029721068
0.03808471634264777,0.14416248916343133,0.08126486008075393
0.04517437669220311,0.16721130521186497,0.08996922506676155
0.0458078443378977,0.17711926847283038,0.1108883287888232
0.04344666175913446,0.15669684481375307,0.0836539998228817
0.056750089753475036,0.21760895300524896,0.1129079819594979
0.04005809897930944,0.15144118389858036,0.08136260337183682
0.04265211757227709,0.1609210108699891,0.0863792949905973
0.0424604384399925,0.16802092140743446,0.09505168488086137
0.048546446357018734,0.18961639685226359,0.1052674058965842
0.04287019112802521,0.1596045364484448,0.09816722402752744
0.04626302627611127,0.17306764617963044,0.09205129377266516
0.03608974543564524,0.13510601897994134,0.07311443727776362
0.04488786581547882,0.1690693903658287,0.08906346381917228
0.0454966635766257,0.17092103917000692,0.09477221837866404
0.050489011157562345,0.18089883600689735,0.09231131439695035
0.046507616328958105,0.17852814310097523,0.09874828417854052
0.046622925567732676,0.17330281576648432,0.08980623844911202
0.039304822042591094,0.1471547567301257,0.08384277294100767
0.041132366336310296,0.15482966662290687,0.07962734982484712
0.04656448383367748,0.16543774598458832,0.086432543420328
0.04234229219095832,0.16044049196350615,0.08414404129153898
0.0453972290556415,0.17656206246043876,0.0986531313560717
0.049830491200050876,0.18826996195358073,0.10515840174754011
0.038612847682427974,0.1495637175631931,0.08513350634526823
0.050851516217644846,0.19295062035215904,0.11162186276976846
0.03919013281321176,0.1451965998736216,0.07408043292200595
0.045106674856205196,0.16356624649568938,0.08692073193585574
0.049998538771675365,0.1795632488633296,0.09001351623897207
0.03781460457155729,0.14382081839766014,0.07958788489726813
0.04453496914696368,0.17476632597953182,0.10347934541872518
0.048633863932311984,0.1796863714309179,0.09468640881189938
0.046202547526576904,0.16648087564416278,0.08256365034052544
0.04944493790287192,0.18366599936728256,0.0881329897268168
0.03973218449464729,0.15460933154090004,0.07826585473581828
0.04353038898450842,0.16055009297430498,0.08206263660832276
0.035896098380009206,0.1358003979558725,0.0701502993173988
0.050613989328164216,0.18481934986243598,0.09958770594641883
0.05212256810189351,0.19567085339798174,0.10956442715452944
0.03924418482614347,0.14613554703867046,0.08393178475894039
0.05425447202577577,0.19297640622062517,0.10046219904219844
0.03856636040166963,0.14697285328542414,0.08844869203950897
0.04728723171995728,0.1744099483928206,0.08585408822352192
0.043782216894577584,0.1639417741332983,0.09279322072979047
0.043544743647313595,0.15939970952773116,0.08354793768990806
0.03852252054885895,0.1426152318979395,0.07182182539838937
0.04211800564087796,0.16191340772187524,0.09072811657640094
0.05544773715008827,0.19679272703234613,0.09017642465595509
0.045248263258978315,0.1705281254949112,0.08441268799312877
0.0478174630785989,0.1797658449916364,0.09916082087582102
0.04613545106993725,0.16088648507644873,0.07894330519595022
0.04228515032673246,0.15607207449538604,0.08421364473068628
0.039684834079336685,0.14818913300473727,0.07577470388021079
0.04813821838075563,0.17640693479385994,0.09107439963287944
0.0354531015564712,0.13143658145235554,0.07338565617104433
0.053956194941981304,0.1921123547054322,0.09160511626191857
0.045354831756381886,0.16638222280768825,0.08809256110701051
0.03815764202536227,0.13991627106042828,0.07235752797474912
0.04621285829375408,0.1708683377795525,0.09376154828539496
0.05128074314725487,0.19342617145157737,0.11156569882598844
0.04729705637015653,0.17841059734033612,0.09605744469848962
0.04578016244014877,0.17028858767576963,0.08530774962382633
0.04568129559357606,0.16880123461898375,0.09094921758796509
0.05139289433495443,0.19432622999348803,0.09243861812567586
0.04607306181901619,0.16862891821090123,0.08720271885948014
0.04704768819150816,0.16809108271836776,0.0819251945208087
0.04531299217208572,0.1690383281904334,0.08032234005840748
0.046632368871148196,0.17853663683966073,0.10173106311950876
0.05589549094325569,0.2029005540410524,0.10132048815158036
0.05602572129248386,0.20772708117356328,0.11615611559508268
0.04432957836072089,0.16930960115189986,0.09730901006279513
0.04368827309299123,0.15681534369767033,0.08133971696069497
0.04512697165988935,0.1642876872866933,0.08147142115418529
0.036330340307161306,0.13150037196742057,0.0638029037005605
0.04228791024323724,0.1546525184683474,0.08496853881050298
0.04327128166830193,0.15892740238533867,0.07812812546112027
0.035537938548233616,0.13182827285574458,0.07178819024540647
0.03811558542468854,0.13933864504262058,0.07125857568136916
0.05692932408559452,0.20894379220918094,0.10819942806310527
0.045168921909795864,0.16686481729307986,0.0817809510605548
0.04299194039574497,0.1586095005022516,0.0863549291448656
0.04207120060386139,0.15449009127942895,0.07814131478510386
0.047534783304092235,0.17130221859841485,0.08491725555383767
0.05394503471176559,0.2026665380501521,0.10789926931766747
0.04366195254601026,0.15927407845863234,0.08158141503376938
0.038165606782084936,0.13429901600133182,0.06538759418533502
0.028932196796234943,0.10804616072049499,0.05745133513561558
0.045892441287466765,0.16753684082222314,0.08358423880821564
0.042873058812675904,0.16269245666165988,0.08983806315618825
0.03650112152193705,0.13663674868011022,0.0767773845414722
0.0411143606390775,0.15087290735005215,0.07765844276962056
0.044877256910107244,0.1616257394894356,0.0758848201033919
0.044915968900886005,0.16566266602218696,0.08538702799553806
0.052407005004351144,0.20544216223537873,0.12337089797587313
0.04312993195699077,0.16186220967639645,0.09297283692037041
0.045660297669261815,0.16506542151914003,0.0831364999906158
0.05953244726299428,0.22800917196588116,0.13210034032090637
0.04134460137932084,0.15211096291350643,0.08326583320906612
0.04913299629077515,0.1771160398082763,0.08815237707747714
0.04558164778037316,0.17011027949822177,0.09422957912816539
0.04084925616275537,0.15093873728588797,0.08458291063734287
0.04644568642462569,0.17704445492186727,0.09410864453534633
0.04212673923766031,0.15301492276803336,0.08167356636708528
0.052668258853281094,0.20136016516450922,0.1030615819923736
0.04609146312709632,0.1654563808189488,0.08356022513379957
0.0509846738652061,0.19736564334025664,0.11810253260760098
0.05024583973488171,0.1929640971287656,0.10793299611524175
0.04912041964764557,0.18375253633566546,0.09846942602794978
0.050322121124954086,0.18622678718134764,0.09319226216034485
0.049153134853533856,0.19067216179622604,0.1135986327105411
0.053593966790594375,0.2020155591547683,0.10245037280267193
0.03856980799944768,0.14252131088048373,0.07687892449821154
0.04962521301503633,0.18377969505062605,0.09875019405100294
0.04571450940454869,0.16136538611689058,0.09036771743732348
0.045871256223734704,0.16734082734670672,0.08169416100005203
0.044899465738403456,0.16536077166011603,0.08722168471436348
0.0518587282099801,0.19887282230259698,0.10999909294998979
0.04468472665458922,0.16683967613491893,0.09411938667511129
0.04417273346037373,0.16553179018815686,0.08961722121112653
0.039872215501089124,0.15115044845626785,0.09005725869740183
0.05291323237391869,0.19607323141479197,0.09898847175353578
0.045146208226784716,0.1691904391226627,0.08859635602962365
0.05019461509437393,0.18461360831979948,0.09291230299081937
0.0414820320637398,0.16016095310442444,0.09856906761285018
0.03815247272414725,0.14295463792842608,0.07922935450130764
0.04941594377231121,0.19160066513463203,0.11085106997195286
0.04718876183418779,0.16917704259137653,0.08475908615367506
0.04378355254855699,0.16811202052792992,0.1045664588515566
0.04719092772387745,0.1674332927282542,0.07859986454637474
0.048759942290449644,0.17518214416879346,0.09475660646123829
0.05375995451688179,0.20262429671096469,0.10465786354063049
0.0510853865482915,0.18441172052416852,0.09129073870054732
0.04902040506176116,0.18339334658341086,0.10542754867055733
0.038967831701700435,0.14641968480348305,0.08023338100935284
0.053577298727277255,0.19826031503293295,0.10696651640825727
0.04697644322362593,0.17199910835559362,0.08677712898533559
0.05209676372206508,0.19075619266410587,0.09303214377978908
0.04364744604089638,0.16243070562568968,0.08611931603048709
0.053485081237342955,0.19808504086251033,0.09302802320240793
0.048159569994692314,0.17151407126076543,0.0852745246846114
0.049503409767678364,0.18110100097043969,0.09213100062680647
0.040884269602483425,0.14999334159945912,0.07841665770628972
0.04709474533239989,0.17111331672522478,0.08669404376864924
0.04355438526080733,0.1658756682570663,0.08323402084853018
0.04602393871940515,0.1681214368973569,0.10167298162114918
0.052149103481043034,0.19732100346677597,0.10600757543574983
0.038612432964428255,0.14575775180699907,0.08110982319291295
0.05169706407320897,0.19585326323066912,0.10963087412322113
0.04201218429622046,0.15622747140374652,0.08550261876122242
0.043040065857906484,0.16500845544947892,0.08970444405314457
0.04871322932196518,0.18330703117338631,0.10474384249753817
0.052546544171653775,0.19861628797290962,0.11136668729459838
0.03836124955649279,0.1453529726429693,0.08525247784501076
0.04305500799620159,0.16142132340717052,0.08321969700708558
0.040995505387335825,0.15925554728453242,0.08645137492692313
0.04230090974729212,0.1582400125310449,0.08363869517673367
0.04707549244149179,0.1728871223810853,0.0833036751737529
0.041108404264022014,0.15136239446249497,0.07519459758379439
0.047310737058616374,0.175692182331702,0.08578224803228232
0.05081541254325019,0.19974104180086785,0.11938050871437272
0.05240287194850048,0.1805976264185551,0.08920486690687324
0.04805678117681071,0.1788912487630754,0.08825539380969229
0.05088448517155935,0.18615690351995165,0.09543520048370396
0.04152701617828477,0.15365315773813176,0.08448909776539926
0.04019542033607342,0.15473157655811143,0.09480759374395736
0.04991008780709812,0.1859410505274765,0.10266150387404727
0.038079990393754315,0.14474957479242437,0.07954530865631049
0.041129825020260524,0.15627369540887884,0.0895463227522195
0.048968047948823076,0.19017574353807312,0.10749088823455749
0.04944025212602052,0.18081508050683434,0.09384403039747517
0.04692796678162651,0.1724892378393899,0.09510915186883324
0.039359643047084975,0.13976752413928184,0.06844941742626298
0.03575265412891316,0.1384792508892146,0.0807368383680144
0.04946647535471423,0.1876431574308534,0.1036394573856725
0.049463268486883545,0.18548414156420576,0.10605983750619603
0.04866188455745942,0.1797770675818394,0.0893308214402713
0.044667621953819826,0.16804791437843175,0.09567683238310713
0.04371576411598329,0.16433672299855032,0.09084710467884104
0.04522906230722483,0.17142432114382117,0.09779818180148273
0.05283933825068359,0.20221967390600992,0.11453842873478724
0.04813212545087637,0.1760924480185485,0.08900986361339722
0.042235586310850726,0.158386376886348,0.08621546584583145
0.04307767697022033,0.15962360222770355,0.0841088138202871
0.050521304035504554,0.18578330637196996,0.10079728253567798
0.04803922014221423,0.17568418198859356,0.0893647670202281
0.043391377366267775,0.1599993853568156,0.0884099127871553
0.04754755046714279,0.17264713699570475,0.08644199773310639
0.03865049438647324,0.14182351346741753,0.07701317919904599
0.03836641738014085,0.14455705343863798,0.08259029238158541
0.04128748435340469,0.15540520109405534,0.0881367623649861
0.05213534361350301,0.18734511007626714,0.09397788578109725
0.0431256769439332,0.15646036804512148,0.07324631411966256
0.04201572922670898,0.15287256820433143,0.07439992721431346
0.04172841209503731,0.15405336675405212,0.08667848196331637
0.03848817889292672,0.14702972663917424,0.08370500756900445
0.04401940852979791,0.16021316360766347,0.0827895958088008
0.04504571863951333,0.1696672765169905,0.09269331937821648
0.040540063383609236,0.1531155650346532,0.08683071010985907
0.05163192047751952,0.1961288328648914,0.10994914216615242
0.05092629305896681,0.19791196584007584,0.11169499291122624
0.051558756272910046,0.1860767203321046,0.09624064278986748
0.052323784492323604,0.19713100419383756,0.11288946309911695
0.04637112678694864,0.1646915309028093,0.07844769139796466
0.04353419128047982,0.16933602232802603,0.09648134762067039
0.03930229812413806,0.1448826707054632,0.08142177134545855
0.0542689434017163,0.1972753139112956,0.11225871690864841
0.0472776412382225,0.1707689897047572,0.08149835765519921
0.05297612979746122,0.19691870144257473,0.11483620514189666
0.051688736093968825,0.1901570994669895,0.09867317331529453
0.04562259173987871,0.1830633586985726,0.09154849885269863
0.04732548635615251,0.17787605444983237,0.10733594068209044
0.05072708429936299,0.18898334637640862,0.10399704952715294
0.04366488211878891,0.1568376107390446,0.08116886675592648
0.03897363177416012,0.13969095144709526,0.07451516593996338
0.04168743764332637,0.15770776456876587,0.08794499520840426
0.04302992156166134,0.16495212838855697,0.09645037813821565
0.04697163496235006,0.17064775487408732,0.08816469365327002
0.042632454857836205,0.15589829719957088,0.08362791478630842
0.04563012260465356,0.16091552661564276,0.08289838634075145
0.0414414391762606,0.14597795082272486,0.07288289142539575
0.04595320940018449,0.17028929050782957,0.09512044276024345
0.04389265884411366,0.16370629577119247,0.09329075832363709
0.04491523375196764,0.1692755271631076,0.0883074365578709
0.04639010830221191,0.1703760297052339,0.09062282548450136
0.03850002718884154,0.14059001985482592,0.08122731576402895
0.039809590271802454,0.14011635802577002,0.0714877211536447
0.0444103223641466,0.1613838938587412,0.08735218743232426
0.04929465032916246,0.1850170776467932,0.10784483165424628
0.03946272629948132,0.14482455490602925,0.07256915405463267
0.04369526421565674,0.16693926486133775,0.09263648751416059
0.045932057715380725,0.17306586845718083,0.09111403336673199
0.05375868265408914,0.19742986368426058,0.10266870327728407
0.056342136077000164,0.20054800944856135,0.10209040002997696
0.04474550813473643,0.17347778977312578,0.09159868758384714
0.045216567254136086,0.17166641826479564,0.08896604589496925
0.040659294858303496,0.15631170327133187,0.10178808966864397
0.040430767107709265,0.1515987047416762,0.0825132300386178
0.045065934034476146,0.16300509015346681,0.08587807137688322
0.04459732227335691,0.16546953197918549,0.08415739842716254
0.04811875820982657,0.17923793225642679,0.09401591530755624
0.045150999055267954,0.16225629893798366,0.07906062678467109
0.054421742529999886,0.20041084196492637,0.10958160364683348
0.036415411184627974,0.13919220901726115,0.07506831617474846
0.04350311815399266,0.16879480574077735,0.10818527480166865
0.04756332319460967,0.1753247749184905,0.0881491913985028
0.03526891028771731,0.13458119803439056,0.06589840767142191
0.036455444465606585,0.13253672111726775,0.07028358027502368
0.04028716022576789,0.143160225577788,0.06847148852968427
0.052120868531622844,0.19551734707916682,0.09648859947883864
0.04393593098039814,0.16581217942310356,0.08657088572354817
0.04067840514502555,0.14968044747384607,0.07688562011416504
0.04183000572591383,0.1537323558163394,0.08212560204190217
0.045383534670363775,0.16570547499104407,0.08678368565504639
0.03655386537024373,0.13609506177008887,0.07200739497107933
0.04942959250019126,0.17963357756803078,0.10198851533370488
0.04679988584235198,0.17808908856881925,0.10260969116962429
0.04405413300129883,0.1664878182382307,0.08366957625044831
0.041867197172097796,0.15752070325165368,0.08507627364807889
0.03725880686984931,0.14622848124613136,0.0828077505395747
0.04079621001216256,0.15195815178835562,0.08317673220336244
0.05291457496033388,0.20150946649515392,0.11432848438650436
0.04823624228942892,0.17820353238267855,0.08899942039512379
0.045095847400322256,0.16663362466491644,0.08434831121554695
0.050751295854989845,0.1826601611078837,0.09204401706138979
0.040406073414184694,0.1478232115498217,0.07585154578809665
0.04413917078117094,0.16119804895540277,0.09761760353465541
0.0497597657416213,0.18245056020581543,0.09082708129253916
0.05016709405447384,0.18262472455769818,0.09478299903654834
0.048192030498877124,0.17344455179164844,0.08397220392856684
0.043688213719340396,0.16546404834580677,0.08594095971573339
0.043832096422424534,0.16665561022676234,0.0864618790926096
0.046939349504410775,0.17812864861520736,0.0912700074445701
0.04677226060327869,0.16484206351921965,0.07917717086161875
0.04833730676828626,0.179053065100967,0.09362226373245564
0.04514242822320472,0.1660251184605284,0.08731017129235358
0.04399306835641615,0.16430430539936353,0.08280963951659279
0.041717020312530245,0.15498821843414057,0.08138465676418546
0.04362963348623802,0.1676666407936044,0.09270022798589782
0.0452227417507166,0.16652353547477478,0.08291804332735796
0.03846036992304242,0.14331570163819285,0.0745175166265765
0.04097747353469149,0.1471312259435315,0.07979103748602666
0.04462903391822865,0.17030399284303038,0.09205998264042502
0.047463992604508676,0.17559264957336154,0.08740846979932228
0.04085334976290037,0.15206519303334268,0.08875544430701834
0.037696623052698094,0.14431116403583463,0.08073104207976656
0.04227714725995192,0.15563409692863342,0.08236878972888995
0.0457433066372553,0.1716357365868898,0.09654635437766318
0.04793605580568877,0.18213568001891603,0.10494007120415137
0.0517053428974038,0.19161415702604476,0.1060670434866941
0.05483849245685487,0.2111698624621041,0.12687666357768204
0.0432657887078008,0.1617242910552499,0.09012810404586906
0.04754353735229287,0.1713918699086236,0.08622347941162592
0.05015839686393351,0.18618740962901892,0.09563269895935943
0.03813371517157134,0.142866213603609,0.08390339491936338
0.056419861971771665,0.20263499815902333,0.10337026390748529
0.04517374927480842,0.16231473435282362,0.07929435724132217
0.05188894987174677,0.1881594790509985,0.09952166417576941
0.05161088091437726,0.19172361825128054,0.10225219615326964
0.04435568827378972,0.15897768470185314,0.0795182621902411
0.04093059533359858,0.15942726107914645,0.08822214440073659
0.03965267700776219,0.15248214431455137,0.08292152497993534
0.05102638621225596,0.19072974459471873,0.09534265929873297
0.035675923082593305,0.13537178866269814,0.07205353661534777
0.04271246974499049,0.1500805994225817,0.07138010989582103
0.0449326404137446,0.1663382891130415,0.08884173884757804
0.049560940772319075,0.18414149581550288,0.09095915906690973
0.046969325839815855,0.18116925030697362,0.09313848052925809
0.06145176055306932,0.21087478483891114,0.09449740462867448
0.04281708700743328,0.15897116914746273,0.07663237906807142
0.04564032250605751,0.16465326837740316,0.08546175119119283
0.048458927761135216,0.17457058505236264,0.09708502249555218
0.041532091875049956,0.14885234684972715,0.07262732918401472
0.042098138955665526,0.149780699372508,0.07886551342152291
0.045962604443420485,0.17230384858361833,0.09856357975877328
0.03846296104792075,0.1369066637514123,0.0661762178134832
0.042126270550831055,0.16656819162381353,0.09748844549523902
0.043288856530492005,0.1594570250096865,0.08201161320574116
0.046985025088811964,0.1738031035417382,0.09648855793686102
0.04858203579582281,0.1797192517131533,0.08925356347686589
0.04307407109949454,0.16130873071916327,0.09708246694038396
0.052790303685535195,0.18672380663529795,0.08709808374341206
0.04095301773157599,0.14522368932646496,0.0730822755277783
0.0453736629760162,0.17614075502964469,0.1097565763501368
0.0519715625434113,0.2002910496154004,0.11130437676168074
0.05066184059212034,0.19473473962289453,0.11139219447368469
0.048835102793580214,0.18071531810875335,0.09701469341271392
0.03493265520339926,0.12614240119358291,0.06225743124968571
0.04949084936623341,0.17909659673360676,0.08556934196498422
0.045081627216679306,0.15906690909054627,0.07474185620503587
0.050455093245393566,0.18354591695775715,0.09739119079660845
0.05104731419069841,0.19710392044169026,0.10783588771014443
0.049125750808189865,0.1731592844223165,0.09384525003246685
0.054823157191759606,0.2035341285525051,0.10674554820292377
0.05470043144483419,0.20157478775274218,0.10720574510580488
0.04647560676635026,0.1687050709113756,0.0870411177405317
0.05394606571640393,0.1928889278270267,0.08916532821755631
0.04986962013013887,0.1848025673288557,0.09328774132185245
0.04168621022910569,0.15111238735545965,0.0742371905930566
0.052733096638318405,0.19604405064442784,0.09736640138572861
0.044181849823145714,0.17142132366694593,0.09957331658311991
0.05186709528056356,0.1891046212865407,0.10488678976514451
0.04226445614423823,0.15542361619330644,0.08361234276449463
0.035800076310398644,0.1314815227159566,0.06726259860710292
0.04794868745302118,0.17729516558865507,0.09410096935396703
0.052025278312442386,0.19087971710834323,0.09322726661110026
0.0538846638316305,0.20140466630486703,0.1014000285717466
0.04689343771744034,0.17717707598286722,0.10735475896400293
0.041807453307647895,0.1544174954278256,0.08144536745584417
0.04141974200677827,0.15897298687395672,0.0931057544982543
0.04137024382514436,0.1492406471068292,0.07413957595441628
0.04914924910895396,0.18321326615678837,0.10150811958202002
0.04367380801935679,0.17491777397261324,0.10195651931624272
0.04445363850453146,0.15969731541771529,0.08506613644415245
0.03883450886780582,0.1437179932869243,0.07007600222348376
0.04140723253804051,0.1597910081098484,0.09367455646384727
0.03826827355131181,0.14061265428481282,0.07616502658552347
0.04288881904656294,0.15996017824269598,0.08411364678913616
0.05000892646956714,0.18865601498161702,0.10330489359937615
0.049154353727323845,0.18077893999605169,0.08867926855785675
0.042736500650032316,0.1650069648838145,0.09820708993386351
0.04480626166615141,0.17182398556043074,0.09732879204368386
0.04155456724495865,0.14993039646942743,0.07561264103231224
0.04477034928447875,0.16456127079654212,0.08489927256074219
0.048185282222415825,0.18213909832899886,0.09400743122450507
0.04376894808114768,0.1622872687291558,0.08868318571554135
0.04816741951850292,0.17345254717936362,0.08199393025840465
0.04322336664219146,0.15674457543828835,0.08873609206711824
0.0488938710895681,0.1745137838745828,0.08629909302609298
0.046905834306541626,0.1727777044338031,0.09092483437909982
0.052017514688674035,0.18735444258175546,0.09428185292018529
0.039299080079870596,0.1445671570664959,0.08095762756742075
0.039852455736096457,0.15636636325732628,0.09738329119203558
0.039687444328831555,0.14940285141165532,0.08088433777472967
0.04362330594651985,0.16171965144637063,0.07655008324613748
0.042218209889915106,0.1681822845740885,0.10497816338930682
0.0424580166991416,0.1558461077205386,0.08615424244844055
0.04640003387620931,0.1753615529042117,0.0950404412599986
0.051555489062346214,0.19914161136092134,0.11366894795758083
0.04257336772544745,0.16415492698483733,0.09429458537279492
0.04037673627364913,0.14520259158274393,0.07827827256697739
0.049896993447077896,0.18527808059564088,0.09366734649724041
0.04241291572087681,0.1609269886021705,0.09713337385352655
0.04217947283370027,0.15974279188853507,0.08435325822493987
0.04404289749347805,0.16366339554452045,0.08738178050900358
0.048668918342457894,0.19065592161038408,0.10005318488441409
0.044491076491611097,0.17024649316440524,0.10343562598286976
0.06124755801309204,0.2167276689837954,0.10573191758078959
0.04287532134462213,0.1598625017070991,0.0847081042317292
0.04910199407278104,0.18019549092507686,0.09249454781108449
0.04683673757918823,0.17367370999575515,0.09147251813243691
0.04502078955553651,0.16159245856573184,0.08053759506976378
0.035375370140955945,0.13425752157290266,0.07933767796317691
0.05005890667053087,0.19031625391390097,0.10193602050161964
0.04745999799543939,0.17294534485026922,0.08189581428523107
0.04327579012858367,0.16071550738622564,0.08486735358690775
0.051487545107343616,0.19283079698942815,0.10545523115037506
0.04639984165957837,0.17186118302897543,0.09612941086314566
0.03657311972533948,0.1319962235810599,0.07173215206783759
0.039384723328118466,0.14228433950512406,0.0709787959060752
0.047274014612890373,0.17758363805570537,0.08565858709426029
0.04948587968208856,0.18781256546488376,0.09906813409127344
0.05059623598395766,0.18539396191332733,0.09515216193748188
0.04059780009195387,0.1482623496188904,0.0749708897164879
0.04549628837285676,0.16173670579920502,0.07590247555951829
0.03727185094840564,0.138830244281973,0.07384199713378309
0.04286150202233233,0.1655886839984717,0.09118811565016186
0.04948832445687593,0.17863472745831174,0.09445504545184465
0.05153628495885322,0.18960045926903515,0.0964919313274299
0.05272744326932113,0.18935402251695807,0.08959297001633924
0.05111491254366569,0.18925617003639705,0.09747158015806211
0.047104051832430806,0.17843808290694818,0.09404882509637816
0.045614539756742,0.16710707612205286,0.07754899363405705
0.03549762232353432,0.13796048127320076,0.07384427825355008
0.047238048930990144,0.17373730392899175,0.10221035419115576
0.04256024663519452,0.1579555099538416,0.08676446162999918
0.03917245286309085,0.15290407958033528,0.07660111809800733
0.043655632327717735,0.16315205787479337,0.08768807733793989
0.05427108221767629,0.19695911380573802,0.10618573003021212
0.04912262606123222,0.17944793953550797,0.09669255841221865
0.03651034208748356,0.1353775482443459,0.0681400013000928
0.03876791425827576,0.1419171630361123,0.0759073217520312
0.052255787689914804,0.1964480224938225,0.09819089434811396
0.04635323026374161,0.16452407640672895,0.0839460278259673
0.04592330465547762,0.1772705701217405,0.10716376304189179
0.04130069573006465,0.15015939315333032,0.07294692373643277
0.04235425502238438,0.15434814977507963,0.0780741640747652
0.04302590581299029,0.1591643313322528,0.08820689562386859
0.04085466917889668,0.15311770486166953,0.08159142341952001
0.041105737963642384,0.14942497507998503,0.0775234603379781
0.04321042420130151,0.16427467155814435,0.0841677167902849
0.04097021281490311,0.15065051657047984,0.08132290695574286
0.04267015778805618,0.1666882421032833,0.09375509934379514
0.0533277698959345,0.19984019502318753,0.10933650450485674
0.052156866026882374,0.1841968195294915,0.09711465520229931
0.04801946285381479,0.18862547554470857,0.1016289009862384
0.040744406521539836,0.15254376090692845,0.09231767940770264
0.04586161055918166,0.16739932337402133,0.08573039036719744
0.052169962852786717,0.1854828193299622,0.09236072923106955
0.04425893579209122,0.16657947067922876,0.08297426180875606
0.044954939922509374,0.16656881048190125,0.07934697262310075
0.0434192332138053,0.16185710731224082,0.08548543688406843
0.045815523791538665,0.17686153692111395,0.1069344867612468
0.04493688580571387,0.16549000267722475,0.09333417586253431
0.042389924554704625,0.16213724414657593,0.09126534468953444
0.04981762380525128,0.1839250258775739,0.09370781246220337
0.04407160549866945,0.16374693887540645,0.09059004792339737
0.040930960286596506,0.1535123215808521,0.08498501648326483
0.053745933620865674,0.201090063550181,0.11301587338524387
0.042391747152442316,0.1549157585226192,0.07959299656308616
0.03897342875955722,0.14324390682390536,0.0816139633747806
0.04128709473500124,0.15490515226836274,0.08225075993249863
0.04436998788066652,0.16414897434714046,0.08833397087592976
0.06531930047533858,0.24715124563779697,0.13759778265457104
0.06294920154588934,0.23478545569638817,0.12284735775704426
0.05326432850993671,0.19647957446204886,0.1047141349843795
0.05799550766078529,0.21819314351036642,0.1129793005092198
0.04702615875423933,0.1697497804527815,0.08297604897534457
0.046347304878539455,0.17998966080122294,0.10603681414702353
0.04178364197504512,0.15072187782638333,0.07984899071103975
0.04718805046600789,0.17978374497810104,0.10435268902438039
0.03835437422200514,0.14163780098459638,0.07714150893608979
0.042469742524948895,0.15307035764728483,0.08215296383190492
0.04208490948673316,0.1547622934331447,0.08639750995217116
0.04153871047219148,0.16443256364004233,0.0973747862945723
0.04995368458267255,0.18187991981970497,0.0892929991707513
0.0512316723017945,0.19143927877721603,0.10619675295393231
0.041609147448181186,0.15478697533319913,0.0827764287128604
0.046321892400201785,0.17217505078127013,0.09861071967633724
0.04388137665548971,0.16379515580379006,0.08624105274326495
0.04986462813734754,0.18103020413041718,0.0918213348836579
0.04867042768820775,0.18161387498281018,0.1122401710730029
0.04473887571624514,0.17432661023361692,0.10115858029484562
0.04218091086059942,0.15893819016340643,0.08019268503453567
0.043030439938831176,0.16565298612687865,0.10216001484012503
0.04195918923368876,0.15261022464427912,0.07657266774932292
0.04841116376566329,0.17764841664701922,0.08283558913843504
0.04588048643814378,0.16776452328485322,0.09189311130545741
0.050399248637569685,0.18098241120813902,0.1006958548556067
0.04832881516119733,0.18440443075028837,0.10350791120655538
0.04293331145770962,0.16307845056989925,0.09223628706572615
0.04974196329496474,0.18360502217618271,0.09473881355629005
0.03837241626117351,0.1430881874546947,0.07745257891937518
0.0372609474762084,0.14021816066721574,0.07618414995085697
0.04584172368556395,0.17987984569580448,0.11050946895741634
0.04321056530559101,0.16924581062795685,0.09654069010789432
0.04953984420598912,0.17367701875303615,0.09279394816478634
0.04563011465547365,0.17773453022057598,0.1037143790928744
0.04412828663828417,0.16516428501815525,0.09215858197450542
0.04702606463310261,0.16896292631354265,0.0857257420596015
0.04418486479869994,0.16406337311518493,0.08144986158746054
0.04904902251569445,0.17785354301988812,0.08307725864523975
0.03619640634456087,0.13352435566814796,0.07188851305975857
0.04403125438064485,0.1593248852823507,0.07843331624439082
0.04508512339690298,0.1692946417384378,0.09068739668556892
0.05337229665292164,0.19913732879937932,0.09947204530978258
0.04179434643080399,0.15895765997090405,0.09358314622135476
0.042072524350274705,0.15336066488642508,0.07579847676631966
0.044664935622157294,0.16130177388546799,0.087239838357549
0.0449228942337209,0.1622043995276683,0.07715389072794869
0.04430266208602556,0.1681735181362511,0.08689818474241912
0.04481978052847987,0.1666605354110241,0.08926134299108014
0.04073100588895936,0.14987995156623501,0.07975229811226658
0.04066773807885465,0.15067148741532216,0.07877462655319444
0.04350417091710288,0.1627393117544573,0.08605415609766609
0.0401546130539154,0.14977123287252284,0.08449709052657803
0.03713686091702069,0.14199643134407403,0.07441546768470678
0.04833471270202834,0.18620198460817827,0.10882447554125958
0.04922529385975773,0.18450171295109125,0.09716235734373614
0.051528045075883815,0.19259428812193907,0.0978036964082059
0.044668347926073,0.16067583313401304,0.07990834631984876
0.0582011960518932,0.2113564138180285,0.11427414481405271
0.046489314621168044,0.1741782074677994,0.09620252838438717
0.038079217437108355,0.14447954678147254,0.08129899853459065
0.03871745137753401,0.14563609024039575,0.08043677080617241
0.04788003182024253,0.17007785655504154,0.07922443613235271
0.04058779322199897,0.15865026189666256,0.10085408806983949
0.0440351957625856,0.1654803958524656,0.0882032291543554
0.04201522772431438,0.16073857821687224,0.09148428201675607
0.04095270321119044,0.1473305001973504,0.07757678558694298
0.0666768196756472,0.2466552809104783,0.12326400216761382
0.04923177416242168,0.17721928812910417,0.08873498719967038
0.059147496186924955,0.2178048857742211,0.10555105288314558
0.057343969843348774,0.21107248378285784,0.12107412587695782
0.05918182778332195,0.21636071255154124,0.11107613407763091
0.05298341850137991,0.19987358115080212,0.10355528315624189
0.050964604023647685,0.18142678356618036,0.09169358404436911
0.040426668580262726,0.1515334836008452,0.08620619523185553
0.046878028351013734,0.1710036612146924,0.09545308621761123
0.04844682582342079,0.1815784071963555,0.09334157932322452
0.04446878955419341,0.16054231408574052,0.08397181226817373
0.04949565601869295,0.18725910812977495,0.09494464094836608
0.040700026978930624,0.14981033168562694,0.07899769273163788
0.050702876930997,0.18696116185855338,0.08993756759319074
0.04405740787733866,0.16475549460937114,0.09203629454529891
0.055040914319150036,0.20056570944626018,0.10651122032104929
0.059796602382643005,0.22440412826692477,0.11192150361666567
0.05190792880724003,0.2022798766253586,0.11719874268933361
0.045937892674286024,0.17914739780759506,0.09684444097970542
0.04150391409061908,0.1538933408124312,0.08211613476045954
0.04951974501144109,0.1871142130675213,0.10217377584860579
0.05282018765857389,0.20338752160084375,0.11568631111995197
0.042229938481741586,0.15637974883608113,0.07968324811480669
0.04088404494134026,0.14589392666691003,0.07125759654461432
0.0507821642775992,0.18177630195497335,0.09563034911253837
0.044671119655938896,0.18225637491161417,0.10840774041879346
0.04791232644010507,0.1791138305324963,0.10109309948232303
0.03855589194339333,0.14575787520721356,0.08322409428612625
0.04833860098213729,0.186358004469995,0.10957355349115713
0.07460388222257758,0.2751008748964125,0.1307488412458022
0.040822489846943186,0.15628179799092456,0.08891915965336827
0.04399602515850283,0.16286519964092894,0.09308535816167933
0.051908363157240865,0.18987865172736101,0.09548838523951356
0.04452897356318605,0.16929916611567822,0.09851277905116605
0.0454358840051642,0.16595855175408653,0.08069340266456622
0.049013944414373865,0.18984325789578732,0.10423527795781243
0.05124643543781018,0.19076017411853813,0.11435630903784127
0.05164136856098592,0.19028850934550126,0.10097503580293485
0.045261049570154845,0.17440211162752953,0.0882502242068837
0.04843258869293377,0.1857966274730414,0.1067306354980922
0.036625304056853956,0.13236081762220855,0.06402544329648371
0.04243279834615179,0.15280425490477292,0.0786999683828147
0.04665845053015061,0.17433985168666666,0.09552983318592399
0.04498321905551352,0.16675707048181587,0.09102301026648728
0.04003123188299537,0.1562131166159149,0.09280579490425088
0.05681077164564244,0.20774928116226038,0.1115549629666456
0.047284997710160974,0.16833517122451433,0.08526087029282453
0.04377997452307271,0.16255828823410484,0.08503625543665987
0.04754728214280759,0.17572624743761425,0.09021125839698384
0.038548692265340245,0.1383054480280082,0.07569589985583017
0.037632522104129616,0.13399036795957645,0.07042010330040836
0.048463348144617384,0.17118392599892815,0.08753951764597681
0.05147247622828767,0.1909635851149812,0.09799188660111494
0.04695254331826255,0.1645232119980854,0.0759674208149398
0.05120286803598992,0.18555376158579515,0.10198266362347358
0.040425659042579054,0.15478419069133936,0.08543043503993045
0.052952292312668583,0.1943951314206385,0.11429475569134455
0.04637176496136551,0.1702803402224442,0.08590848146185849
0.04325499991075926,0.16192165307360862,0.08819411610995048
0.04341104081667495,0.16605052563470346,0.08684618456345819
0.040792204144296414,0.15085087309483555,0.08468572971557206
0.04675903930346301,0.17458880260918483,0.09538206355069245
0.05789646888415111,0.21242403451378777,0.11063461300772302
0.0525978711033357,0.19696521955029844,0.09333519352575381
0.04725575191611627,0.17326490192883606,0.09049551180764231
0.03147671156414021,0.12211132145548433,0.08261502975399458
0.04342363554230247,0.16533827913506294,0.09411998629069683
0.04995102613032682,0.18751251044382783,0.09718406218365565
0.03805329370979798,0.13975533462504175,0.07321134791267758
0.0390728237607482,0.1465241814415529,0.08033461151364325
0.04214502313866239,0.15966978064720325,0.08757223974422385
0.04828809847662694,0.1771505789506156,0.0933318273358171
0.04374430640538422,0.16030433793644708,0.08006206594055229
0.04265664400481168,0.16593369073103678,0.10131511981917013
0.04205858581572152,0.15706967542025194,0.08987184649445012
0.04581607031652096,0.16641470263058827,0.0801282887043317
0.040280971931927805,0.15043582864577257,0.08538720834870936
0.04231534822531885,0.14954249081804197,0.07466660950080188
0.0451920379409591,0.17076060035374502,0.09441278910809134
0.045881120218191525,0.1638832728490968,0.0796600418130456
0.05327926102720534,0.20076244104356827,0.1063420708644731
0.03668711218133838,0.1383480279364676,0.08743465928372157
0.048006005058102055,0.1845055519289767,0.11488892088412507
0.04843887076738486,0.17395031120005355,0.08677462959700953
0.045760709181913495,0.16700751257117427,0.08135212228355593
0.04736236193470972,0.1760716661306598,0.09843468870382542
0.05304248877141293,0.1978570669799544,0.10695806997108608
0.04916993074898529,0.18278602484021633,0.0874399201079721
0.04384184823217089,0.16260313200477622,0.08224900575606872
0.03219674769036814,0.121907249347617,0.06550272863394019
0.04568113194288834,0.1747596000630614,0.09904345184234749
0.04144223216978758,0.158305148457066,0.08087493043116752
0.043832771912645375,0.16030938251845026,0.07648089157758838
0.04311049789329828,0.16468848449203927,0.08479715121484502
0.05051982280828922,0.18319516215344492,0.09261923709204242
0.03722572783259656,0.14500629543525242,0.08112427183127927
0.042062747264148256,0.16019493022579157,0.08673421575813436
0.03751769191743764,0.14683646070908227,0.0842777513680515
0.040668921770976744,0.14872096672862434,0.07785245306092192
0.038014983417348096,0.14246313725023002,0.07099721063838557
0.04393627157000905,0.16491057810220502,0.0909864318465178
0.047138476874063126,0.17770263560150693,0.08562708281051391
0.03987581441933962,0.1452401770245573,0.08025874680324796
0.040939111518714884,0.14986549979579702,0.08104148687682776
0.040671404419589066,0.15052990817207867,0.07265884228402686
0.045922207996538955,0.16331796760874,0.08059314817072372
0.04683945260385575,0.17537569471509207,0.09294434754342716
0.04434009550137913,0.165785700543711,0.0888209012609462
0.0478162337339419,0.19052099284241483,0.1289086667101138
0.04330766320509449,0.16210833564545352,0.09369847984973691
0.04182935327977498,0.15275796564251562,0.07980774390985497
0.03845540909986753,0.14279331067695913,0.07475829212986831
0.04884155826125935,0.17865406813930074,0.09104814010230762
0.05368082807142865,0.19718785241142403,0.09295568434436369
0.0452041270849103,0.17539827385501366,0.10853511231245984
0.04482969865302868,0.17115933500681518,0.09672039560005906
0.04475317089352303,0.16962253591639184,0.09414024520455831
0.05454031081426124,0.20026277751917237,0.10057970929291256
0.03707448432682594,0.13910926532925702,0.08261851778730196
0.0498801179920519,0.19061966916881373,0.0941467706765137
0.05586074265770273,0.20186121884401811,0.09959312256005606
0.044993491194375825,0.1682439816047299,0.09064387962646596
0.036128610272455175,0.13973466419907005,0.08581109279396092
0.036795415622304393,0.1414763222270961,0.0725403768271766
0.043162593836161715,0.16597532214386657,0.09735454364975113
0.04278441675032677,0.1619278575733469,0.08170204577789475
0.04592040421804498,0.16830014587327244,0.08597115527138986
0.043456982326134694,0.16818187275780616,0.0899560512697428
0.04774681644938358,0.18440671087016824,0.10460804730451526
0.045343669455409505,0.1716824590561599,0.09748254096372579
0.04917206041099059,0.17848742037678803,0.09326294704110868
0.05198194737619616,0.18256842105972879,0.09251773914159551
0.048813787479346206,0.18221506513068392,0.09194343002457105
0.041962904502521,0.15897956817983164,0.08862815394755824
0.03901038577940106,0.14624073110638397,0.08609131630732014
0.05747231923984909,0.22314827337326118,0.1181478164764086
0.04236974731359264,0.15511003517359928,0.08340055970068028
0.04611547619566372,0.16484007236652923,0.07643360833889645
0.043732769199834,0.1536354906576325,0.07728236575639962
0.040550299318180216,0.15260729809735968,0.08923334326818018
0.05032006054904567,0.19087723281588,0.11921372043717708
0.04112023005271838,0.15395467234215746,0.08607970086289246
0.04766428905303856,0.1742550177484151,0.09003487732053675
0.049296454467332385,0.18958589991370656,0.10830807527767398
0.04511033016888578,0.1685191832435605,0.08900322261539054
0.037912119562633205,0.1397347986216578,0.07229799798123504
0.036828792128573984,0.1379189863041958,0.07361975091464058
0.04916679573942208,0.18880971834142377,0.10408868105119792
0.04145805775678761,0.15845747982792371,0.08483787350329053
0.04992180153213422,0.1838334421058451,0.09449024566581679
0.04545857117475448,0.16452862125096576,0.07919803205675349
0.041429838070136345,0.15854655368141884,0.08117513338711464
0.039645121529368776,0.14606281337746616,0.07665493109177271
0.045906391398357574,0.1727220533776404,0.09928201497861552
0.0468473359359764,0.18813547833351246,0.11265530178499804
0.0574967617174362,0.23019884614012293,0.16342420832899374
0.055416511327071906,0.20039047387505887,0.09413408599323417
0.04977892368483468,0.1921078141872032,0.098772849545544
0.03603027012087633,0.13493821083947868,0.07231683817856323
0.047627097093389616,0.17537520070760929,0.09468142437270803
0.052397710927059526,0.19812403504500972,0.10007815170012571
0.0458952537815307,0.17123056042828838,0.09398143416914066
0.04438735575918478,0.1606406215917729,0.07833165910548681
0.044918850029663684,0.16420919761069888,0.08115556250093159
0.05067861991294432,0.19397277407952815,0.099843552905558
0.036941619743523765,0.138759346521743,0.08348574466214942
0.041758322549762625,0.1629319510515702,0.10582575934405646
0.03653638721813968,0.13870662447503154,0.08400526900646144
0.04964369203475701,0.1839391455306376,0.08882187842328633
0.04646963070021436,0.17316845972343373,0.09695163275398705
0.046882251408892454,0.17962401252426868,0.10922574687654957
0.04825822269758157,0.1811107513464696,0.09105326806267378
0.037132012465130655,0.13175458623359224,0.06672463250436926
0.05665152525403595,0.2116804364447883,0.10463374787619412
0.04053615870661728,0.15561682685611963,0.08596218765653728
0.056512616742572665,0.21322554566388272,0.11443503502760093
0.04178185801888919,0.15503766685512085,0.08091715886886373
0.04494246320622069,0.16537656714594762,0.09882417575477365
0.049148740797707965,0.19082802889731604,0.1130130113738838
0.0353593837962412,0.13511167029896048,0.07915337731091261
0.04271109300372106,0.14957543300007312,0.0807236318528654
0.05073405890689219,0.1862705138186647,0.0959030199807699
0.045459736144610796,0.1713188063651283,0.08881607078574409
0.04525192800505881,0.17234869686544632,0.09044181897750324
0.04036346532138766,0.14914757521296362,0.07546447917339945
0.05202447737299216,0.19301660524868064,0.09990641589678881
0.040582651457049874,0.15317207712381906,0.09441137877636761
0.041662980560747645,0.17079682298510715,0.10532722427502456
0.044830538154216865,0.1711599465986667,0.10118158811720357
0.04069787443057948,0.15323841279812092,0.08460999559315589
0.054393755980076355,0.2003537202116589,0.09496525109060715
0.04685055332168678,0.17147416656295109,0.09334865376363138
0.044965679954483376,0.163488380920094,0.08832431246360056
0.04954689115346684,0.1773547727788341,0.08928289642285275
0.05125661671499834,0.1946430988036901,0.09954408651548212
0.04732275506794221,0.1724097728488788,0.08883921558547545
0.04538441451819728,0.16554612273002944,0.09058934151366134
0.04213279618053873,0.15412364649047888,0.08210250823209098
0.04669120873923793,0.1775082530056658,0.0987878058383638
0.047104027736407234,0.1707820164281139,0.08446032088131425
0.03721306552092364,0.140836207352159,0.08400431260017278
0.04112758350112771,0.1523038186744384,0.0817914952271514
0.04456582036197517,0.18171696969506135,0.1281515333409565
0.044906631039734295,0.16298826169371136,0.08152673125251972
0.0424773298168732,0.1589751455331725,0.0941244188201983
0.04338266646107157,0.16690068048568799,0.09734496339956106
0.04828752527261765,0.17980480741583077,0.09593532051104135
0.04064290732884049,0.15115338792780963,0.08223700975042302
0.04714140320421347,0.1828166864515135,0.10483268059098735
0.048731713072259736,0.181859565284668,0.09213271544150646
0.04655755283278082,0.16508213677916955,0.08549648162907991
0.04113362886628997,0.1551249377532899,0.08292023965303637
0.043090036180990256,0.15754350609118517,0.08317631087742404
0.04354859087008832,0.1615141164320324,0.08365788956303721
0.03963221917233668,0.14565299615827756,0.07590791043888939
0.041265035483468264,0.1575174225712427,0.08416907761525647
0.04553041071281811,0.1654762759877377,0.08977102492200643
0.04834097854970146,0.17645638038199868,0.08367807873768071
0.05118771465803036,0.18978940665808058,0.1012107549759074
0.04254170532910608,0.158718237347149,0.08418274346071938
0.05075945350285404,0.18385613696878125,0.08879271495204273
0.0454592569157565,0.17912975587877758,0.10517810986773332
0.05962368624406044,0.23307083330881082,0.1398644156975626
0.03932600092277895,0.14408730212743098,0.07032070065072225
0.041377327660566045,0.16115693155927785,0.08914050983693832
0.04414397588932204,0.16446349555833875,0.08545774550706413
0.0517003193517549,0.18942906563269551,0.10921166070762967
0.047898148834017454,0.17313966471712192,0.08563196454282623
0.0471541534644216,0.174489000028213,0.09113671284495062
0.04541954799713867,0.17093969079129687,0.09303906450270889
0.04945430992785378,0.17626992612343786,0.08001273771228057
0.04843205600557894,0.177005701996865,0.08812033913053369
0.04469884133168166,0.1655143797163302,0.08115401873448046
0.04296229409182997,0.15862594910396793,0.08448937708978756
0.042749296664033404,0.1610785670796891,0.09270399057271368
0.04477016877875061,0.16278462055599338,0.08558522651936228
0.04515204180779924,0.17393458678608104,0.09798681310346799
0.03649644231811238,0.13470419456676905,0.07416850784545563
0.04410960658250125,0.16409577153432509,0.0854330067802827
0.0458505918981274,0.17775339123494668,0.10914612284402951
0.043059605854070745,0.16580523919462212,0.09423260897220198
0.04404746845185729,0.16267494412533443,0.07939737691582548
0.05088156571268471,0.1910074351517881,0.11273133497890787
0.05259629242831334,0.19487889655954224,0.10097765481838329
0.03886002918454844,0.13967557911694525,0.07529599107327932
0.04236887920266722,0.15484730315900527,0.07691160831395064
0.043773698919188815,0.15805174725613927,0.07615117719906836
0.0450511874537628,0.17118098938021836,0.09238328572051076
0.03911209500446594,0.14567394479734097,0.07876235637473408
0.043385814310542975,0.15589919139600433,0.07434324406993054
0.03431380749866987,0.12799863368373635,0.07316754448392306
0.04238340054087125,0.15737969742623986,0.09205578709427106
0.05055699748592804,0.18631724383048676,0.09759032859937097
0.047591952679144844,0.17604638219852523,0.10334889139009433
0.052939064743751194,0.20582769055720154,0.11466844409225223
0.050042137886718144,0.19290531485641094,0.11842985143373062
0.03880601832252665,0.14965998412397613,0.08102872158099972
0.04409849225415297,0.16097301423375973,0.07795668442849103
0.048942247987797394,0.18540299258836843,0.10175149402110596
0.05184374995355957,0.19365166753539348,0.10439118125922492
0.04311200275571786,0.15876898384003735,0.08655189066321206
0.04766198676949353,0.18711618283149714,0.10772684590852065
0.04366636238239279,0.15530721311970955,0.07460357841092771
0.043486786325522324,0.1600111586948859,0.08999171123244157
0.052085914704785276,0.19285584854792906,0.10566152798254709
0.05231235631237503,0.19059672845185577,0.09518268220103174
0.03912694145253199,0.15237361496546536,0.08383222652480476
0.0394643982911382,0.14938149165795866,0.08341229639201717
0.046034720198757505,0.17168202795351512,0.094691097871665
0.04845419616433052,0.178976716048923,0.09353762574845377
0.052175746284645365,0.20038204600678397,0.11203114609838366
0.04304905985153564,0.1607472997158924,0.0880494673804418
0.04438220658651668,0.16845017067001775,0.09829424792028509
0.04205415154326919,0.1535782240279151,0.07558203040599494
0.04532592266308071,0.16861063998665565,0.0883406826644361
0.042392280845861594,0.15018477789159154,0.07492887961527814
0.04595970173708603,0.16629866157110967,0.08374248705179856
0.04167032154977782,0.15418796429965662,0.08461451318333285
0.03727857518773833,0.14051453508974754,0.07662969481417756
0.04906019002397315,0.18557438430851717,0.09212133423137056
0.04177030773971332,0.1578667610830147,0.09622318926732495
0.045099800455370806,0.17233327908557194,0.10508783952961971
0.03852436455061266,0.14707097937522218,0.0859871886130412
0.05092316627606581,0.18788839481268338,0.09668404169709671
0.044170731636435326,0.17055123738541045,0.10295884425830426
0.03959839102820312,0.14911010426458574,0.07631698731540408
0.04784884447323974,0.17710789514173553,0.08676341989609966
0.036665342290770904,0.1418620114364796,0.0872732080253291
0.05561826735231304,0.19870552734586697,0.09722965551159343
0.04362559429317835,0.16245145468212693,0.0802991117118372
0.04164515214826356,0.15989027337086503,0.08861675367967144
0.04556367032890716,0.17513178979378888,0.10363485687632565
0.03678207052300714,0.13446194747617496,0.07296937764122743
0.040617696975245025,0.14704289960423525,0.07180797791147568
0.04805469373408564,0.17804463608956791,0.09341902062653293
0.04942893984877957,0.18078112416808048,0.09268836330644675
0.0415986213504386,0.1540979307091484,0.08415794637272625
0.04126663153839145,0.15225786620788603,0.078386464742925
0.05383012590499489,0.19176964441504066,0.0913136422055715
0.03825611571726353,0.13701795600821118,0.07146866746456379
0.04275315975443092,0.15887800906776176,0.08604611091614325
0.043798996482304786,0.1586622542528977,0.07955885901669697
0.045882699475128616,0.17309162078406742,0.09256150757018271
0.043671659893999536,0.15766590145253315,0.0825512765757583
0.03972298469000504,0.14563507978570303,0.0814949479467477
0.04043356649682305,0.1526689084450267,0.08764723829847416
0.050824269145536616,0.18362414314344197,0.09320703589908504
0.04220404238648013,0.16132585241636888,0.09052253202610246
0.0454024702066272,0.17005753272746132,0.08847592000822001
0.06544530652022378,0.24575881447014006,0.1281977948264643
0.045359916353367995,0.17001773523299313,0.09166273941448425
0.04149046481623415,0.15159076731999024,0.07456535308592174
0.045885452571223166,0.16765618362658863,0.09209630265148817
0.04306839713541707,0.1545940291755618,0.07406274581598853
0.04487920120226786,0.1653915931889751,0.08233303544222009
0.05010845607796357,0.19602559358395405,0.1039476809728145
0.03940431662054583,0.14269504827215493,0.07717210809569398
0.04995448809655905,0.18846875284754408,0.10415216289784807
0.04355675574196767,0.16623326553331477,0.09116903365459993
0.039587475854331845,0.14954106843926,0.08355273094048192
0.044175133060090375,0.16971105492403946,0.09192134266904572
0.04328996532802528,0.16360338181416953,0.09157330979752219
0.04414909453338882,0.16001446374396952,0.08107021589208803
0.04584932138923015,0.16985078384022553,0.09512548740695835
0.04850497435652687,0.17632885533635298,0.1006069445953777
0.05019819761484366,0.1776009595360555,0.08694705725387535
0.046665824879654316,0.16724545051526735,0.08125100941864641
0.05099103740550953,0.1849440579238806,0.10130981655213492
0.047172429720791574,0.17090784054877622,0.09043473899576136
0.04627561458687081,0.17364589780895742,0.09419957796782412
0.047212719042152025,0.1759345584287534,0.10807461651418437
0.04112948407748666,0.15195409641937319,0.08633259810183619
0.045776340034934936,0.1719146328752933,0.10227117078243517
0.047673640761294885,0.17346122261060445,0.08617976912359361
0.04131597571293795,0.15586226977270762,0.08524830057990805
0.04478232947988932,0.16738279438243367,0.08735470627423907
0.05378641406029614,0.2081637053116293,0.12070260373654983
0.0451267727665847,0.16489546091968424,0.08312003982724353
0.045942727472332384,0.1694990412023837,0.09129193557813467
0.0518798274723101,0.19363997913469938,0.096759435433629
0.05191650147793759,0.1922384767716203,0.09617728172055616
0.04869055567004179,0.18350889266828252,0.09938831565008938
0.05215634965206597,0.18986597977271943,0.09485410419947188
0.04780092423922823,0.1741504456499781,0.08952819481995629
0.042828503569363116,0.16299836094217468,0.08449981339325843
0.04161951693299532,0.15667790900079095,0.07884443967215805
0.04529731187514468,0.1622724691470301,0.08514398270135021
0.04479017400739511,0.16020408556726523,0.08179897679384354
0.046800796798682036,0.17626369869346842,0.08767840854553692
0.040538869676464036,0.1541562267260959,0.09787878224280012
0.04227766253848366,0.1585031976981163,0.0807243763833962
0.05728462326514596,0.21786161045792168,0.11192880170616279
0.04193798933713718,0.16120034938368952,0.08758864643144164
0.04321728538664113,0.15712117892582086,0.08293482569055786
0.04123482586548317,0.15567643517822494,0.08213158902961008
0.04550665514035606,0.16693180302586008,0.09141962675474243
0.04751665445708811,0.17578354440121838,0.08928317749006986
0.0426277825176823,0.15513836554447352,0.08470334997490088
0.05134022835092901,0.18496360590492142,0.0888010965187889
0.03655639605842356,0.13677392387958479,0.06973644789077177
0.048518416088260394,0.17951761899466834,0.09632191371086696
0.036460260035296545,0.13088499738920872,0.06731716736148961
0.043176993294883684,0.15611253211767664,0.0825091236698048
0.049931558972319615,0.1787115721908933,0.08795817075451984
0.038340423791852075,0.1433241453331632,0.08166678143032259
0.038167877021999363,0.14260403905447372,0.08211548268157026
0.0430478146740477,0.16163554137894778,0.08452492868668919
0.047011793039426986,0.177847790171467,0.10023024543773648
0.055975546517024855,0.21028838228379587,0.11380219710055829
0.04152755093744624,0.1559620351069324,0.08208615285498144
0.043616418977034506,0.1642878589189173,0.09231789246264302
0.05822907128409165,0.2250180804913536,0.12788314284391816
0.04124800340954414,0.1506474244731416,0.07644020579058171
0.045586114099054456,0.17197100799005272,0.08772158766612179
0.04455149608068653,0.1675751383820305,0.09792129726958897
0.04759207504815441,0.17889064650170422,0.0983442958259003
0.04474951363761505,0.17102857588036813,0.10577425804745823
0.05285257545394208,0.19846687077228617,0.13077934332574645
0.05929705660380707,0.23309061485386642,0.15788536187741775
0.0378177748858393,0.14125399500224223,0.0738444097881844
0.046937631376712995,0.17106866437999546,0.08566431751734147
0.044974406617259884,0.16638960511173362,0.08569537643367521
0.044657654685354396,0.16792071401150557,0.08753704787758872
0.04478901599173025,0.1798610061995823,0.10523468901137481
0.04269047774124735,0.15401197781962497,0.08181201076544366
0.0444562894410497,0.16463583469599763,0.09641612075699084
0.04855258499740972,0.18237488130816443,0.1040170541194488
0.038467897200425316,0.14036410290299867,0.07452303619787129
0.04581427865529395,0.17520139803884122,0.08940489306814267
0.039798991667112905,0.14754957916881006,0.07626001325705316
0.050639325856197556,0.1979046509089128,0.11504819664790199
0.05096146302854226,0.1901069936090355,0.11069369135355779
0.04624696618520996,0.17420858039578366,0.0968764994406396
0.039155904248731416,0.15340113064170124,0.09370393441563274
0.05361172462819361,0.20437697287020037,0.10355436902569516
0.04701227367382355,0.17774662774581207,0.1061262454446143
0.03993630322677728,0.1477754012517141,0.07807256084436372
0.04697455891164987,0.18252061304139952,0.11121939918589678
0.03512661007489611,0.13154794222042623,0.07888119380261066
0.0381039817132576,0.14137320828329208,0.07267700474109291
0.03973808523776448,0.15432626817460549,0.09063593559156315
0.04603263397562082,0.1721514273878819,0.09872133218358163
0.03674388633783543,0.1334980859639263,0.07051403535733099
0.04464044262564523,0.16703701128632853,0.08255837898910193
0.039047825000247186,0.14297619115034146,0.07740428389104892
0.042656097116905926,0.16163014303665496,0.08844536942637563
0.04099273858362744,0.15089453827794566,0.07943475475950958
0.046545395518574575,0.17248707999548774,0.09283391172966994
0.04461171980794048,0.1612822129124768,0.087522430248063
0.04180266263584583,0.15646743270053182,0.08351989658581553
0.05036861593055103,0.18744599479040847,0.09113851170615979
0.055813933427981514,0.20539394061221405,0.10634810505291062
0.04216743405838006,0.1594553454542974,0.0827299072068387
0.04700171352869319,0.17212398723898495,0.08552259535573595
0.04252593730524537,0.15658914413142774,0.08619078007540476
0.044934388796215675,0.16508175063304975,0.08121435289539602
0.037334013872230246,0.1417647996192916,0.08030777205146206
0.04386312364330388,0.16636485077897228,0.09168004659366824
0.05262145151228076,0.1900040150833437,0.09940374465211581
0.04154748092402399,0.1584486156439787,0.08504071172794185
0.04534889655858124,0.16560406721818818,0.08636643904511877
0.058404426726358774,0.21418655739013348,0.1002696572941805
0.04264232996681245,0.15598652680984265,0.078846690408851
0.043721400817754656,0.16773386482932062,0.09020187922610994
0.04391576702296027,0.1626286104661,0.08887586489160727
0.05204913351919573,0.19426503372362494,0.09817936375412105
0.04915761923531652,0.1755397966904177,0.08730999161512717
0.04630820814680869,0.17885796220356037,0.09668295226223086
0.053013290830029,0.19731209469216585,0.11010741966296922
0.04650470473107593,0.16805718822498533,0.09413087647851236
0.04423607349873354,0.16282398791167035,0.09088773404337716
0.052965751209008115,0.18938849367552762,0.08800720887689945
0.05368476984039293,0.20202390859289893,0.1073341192669772
0.04107239335970163,0.14891612011079922,0.07552180207371566
0.044144746831105836,0.1682984698958902,0.09849619082913752
0.04021717869687012,0.1487996976568657,0.07771475358253724
0.04489328894752787,0.16930410305597943,0.09922729928901679
0.0400187769987759,0.1447699599522896,0.07493079998166745
0.04836868741325237,0.17552913625391542,0.08789078467873537
0.04229362832270482,0.1532273302801357,0.08961195838829013
0.03826655012081291,0.14335378574430868,0.08098107222827203
0.04622376086007689,0.16703019564384441,0.08624242315038029
0.03711059424713001,0.13644559312078344,0.07566437665943951
0.042834841413947035,0.1621151894921598,0.08080436292589988
0.041844784768457294,0.159613980047306,0.08989508504980989
0.050108802332389096,0.17618560378831552,0.09126254121489603
0.0405387383235226,0.14495722228200905,0.07391272885523788
0.04653475281039125,0.16970913055696585,0.08310442076442955
0.03862137701127452,0.14202473600219961,0.07771966461371597
0.048648236636463615,0.17739719011020488,0.08636766974520585
0.039119916718371596,0.1517740466952393,0.08938453172945154
0.04859607554256261,0.17535402826835614,0.08882904977922511
0.03746001159872727,0.1398380247212991,0.07535199137460984
0.0438014520338429,0.16696702280507264,0.08956439061851842
0.03918037575238099,0.14748829655831455,0.0878190785843363
0.05056459527543315,0.19322841978629388,0.10764940771669683
0.043516874314529316,0.16758104307956928,0.09313002354691104
